﻿<?xml version="1.0" encoding="utf-8" standalone="no"?>
<hard-1.xml>
  <Tablero>
    <Casilla>
      <Fila>0</Fila>
      <Columna>0</Columna>
      <Valor>2</Valor>
      <Casilla>
        <Fila>0</Fila>
        <Columna>1</Columna>
        <Valor>1</Valor>
        <Casilla>
          <Fila>0</Fila>
          <Columna>2</Columna>
          <Valor>9</Valor>
          <Casilla>
            <Fila>0</Fila>
            <Columna>3</Columna>
            <Valor>0</Valor>
            <Casilla>
              <Fila>0</Fila>
              <Columna>4</Columna>
              <Valor>8</Valor>
              <Casilla>
                <Fila>0</Fila>
                <Columna>5</Columna>
                <Valor>0</Valor>
                <Casilla>
                  <Fila>0</Fila>
                  <Columna>6</Columna>
                  <Valor>0</Valor>
                  <Casilla>
                    <Fila>0</Fila>
                    <Columna>7</Columna>
                    <Valor>0</Valor>
                    <Casilla>
                      <Fila>0</Fila>
                      <Columna>8</Columna>
                      <Valor>0</Valor>
                      <Casilla>
                        <Fila>1</Fila>
                        <Columna>0</Columna>
                        <Valor>8</Valor>
                        <Casilla>
                          <Fila>1</Fila>
                          <Columna>1</Columna>
                          <Valor>6</Valor>
                          <Casilla>
                            <Fila>1</Fila>
                            <Columna>2</Columna>
                            <Valor>0</Valor>
                            <Casilla>
                              <Fila>1</Fila>
                              <Columna>3</Columna>
                              <Valor>0</Valor>
                              <Casilla>
                                <Fila>1</Fila>
                                <Columna>4</Columna>
                                <Valor>0</Valor>
                                <Casilla>
                                  <Fila>1</Fila>
                                  <Columna>5</Columna>
                                  <Valor>0</Valor>
                                  <Casilla>
                                    <Fila>1</Fila>
                                    <Columna>6</Columna>
                                    <Valor>3</Valor>
                                    <Casilla>
                                      <Fila>1</Fila>
                                      <Columna>7</Columna>
                                      <Valor>0</Valor>
                                      <Casilla>
                                        <Fila>1</Fila>
                                        <Columna>8</Columna>
                                        <Valor>0</Valor>
                                        <Casilla>
                                          <Fila>2</Fila>
                                          <Columna>0</Columna>
                                          <Valor>3</Valor>
                                          <Casilla>
                                            <Fila>2</Fila>
                                            <Columna>1</Columna>
                                            <Valor>5</Valor>
                                            <Casilla>
                                              <Fila>2</Fila>
                                              <Columna>2</Columna>
                                              <Valor>0</Valor>
                                              <Casilla>
                                                <Fila>2</Fila>
                                                <Columna>3</Columna>
                                                <Valor>0</Valor>
                                                <Casilla>
                                                  <Fila>2</Fila>
                                                  <Columna>4</Columna>
                                                  <Valor>0</Valor>
                                                  <Casilla>
                                                    <Fila>2</Fila>
                                                    <Columna>5</Columna>
                                                    <Valor>1</Valor>
                                                    <Casilla>
                                                      <Fila>2</Fila>
                                                      <Columna>6</Columna>
                                                      <Valor>9</Valor>
                                                      <Casilla>
                                                        <Fila>2</Fila>
                                                        <Columna>7</Columna>
                                                        <Valor>8</Valor>
                                                        <Casilla>
                                                          <Fila>2</Fila>
                                                          <Columna>8</Columna>
                                                          <Valor>2</Valor>
                                                          <Casilla>
                                                            <Fila>3</Fila>
                                                            <Columna>0</Columna>
                                                            <Valor>5</Valor>
                                                            <Casilla>
                                                              <Fila>3</Fila>
                                                              <Columna>1</Columna>
                                                              <Valor>0</Valor>
                                                              <Casilla>
                                                                <Fila>3</Fila>
                                                                <Columna>2</Columna>
                                                                <Valor>0</Valor>
                                                                <Casilla>
                                                                  <Fila>3</Fila>
                                                                  <Columna>3</Columna>
                                                                  <Valor>6</Valor>
                                                                  <Casilla>
                                                                    <Fila>3</Fila>
                                                                    <Columna>4</Columna>
                                                                    <Valor>0</Valor>
                                                                    <Casilla>
                                                                      <Fila>3</Fila>
                                                                      <Columna>5</Columna>
                                                                      <Valor>7</Valor>
                                                                      <Casilla>
                                                                        <Fila>3</Fila>
                                                                        <Columna>6</Columna>
                                                                        <Valor>0</Valor>
                                                                        <Casilla>
                                                                          <Fila>3</Fila>
                                                                          <Columna>7</Columna>
                                                                          <Valor>0</Valor>
                                                                          <Casilla>
                                                                            <Fila>3</Fila>
                                                                            <Columna>8</Columna>
                                                                            <Valor>0</Valor>
                                                                            <Casilla>
                                                                              <Fila>4</Fila>
                                                                              <Columna>0</Columna>
                                                                              <Valor>7</Valor>
                                                                              <Casilla>
                                                                                <Fila>4</Fila>
                                                                                <Columna>1</Columna>
                                                                                <Valor>3</Valor>
                                                                                <Casilla>
                                                                                  <Fila>4</Fila>
                                                                                  <Columna>2</Columna>
                                                                                  <Valor>0</Valor>
                                                                                  <Casilla>
                                                                                    <Fila>4</Fila>
                                                                                    <Columna>3</Columna>
                                                                                    <Valor>0</Valor>
                                                                                    <Casilla>
                                                                                      <Fila>4</Fila>
                                                                                      <Columna>4</Columna>
                                                                                      <Valor>5</Valor>
                                                                                      <Casilla>
                                                                                        <Fila>4</Fila>
                                                                                        <Columna>5</Columna>
                                                                                        <Valor>0</Valor>
                                                                                        <Casilla>
                                                                                          <Fila>4</Fila>
                                                                                          <Columna>6</Columna>
                                                                                          <Valor>0</Valor>
                                                                                          <Casilla>
                                                                                            <Fila>4</Fila>
                                                                                            <Columna>7</Columna>
                                                                                            <Valor>0</Valor>
                                                                                            <Casilla>
                                                                                              <Fila>4</Fila>
                                                                                              <Columna>8</Columna>
                                                                                              <Valor>8</Valor>
                                                                                              <Casilla>
                                                                                                <Fila>5</Fila>
                                                                                                <Columna>0</Columna>
                                                                                                <Valor>0</Valor>
                                                                                                <Casilla>
                                                                                                  <Fila>5</Fila>
                                                                                                  <Columna>1</Columna>
                                                                                                  <Valor>4</Valor>
                                                                                                  <Casilla>
                                                                                                    <Fila>5</Fila>
                                                                                                    <Columna>2</Columna>
                                                                                                    <Valor>6</Valor>
                                                                                                    <Casilla>
                                                                                                      <Fila>5</Fila>
                                                                                                      <Columna>3</Columna>
                                                                                                      <Valor>2</Valor>
                                                                                                      <Casilla>
                                                                                                        <Fila>5</Fila>
                                                                                                        <Columna>4</Columna>
                                                                                                        <Valor>0</Valor>
                                                                                                        <Casilla>
                                                                                                          <Fila>5</Fila>
                                                                                                          <Columna>5</Columna>
                                                                                                          <Valor>8</Valor>
                                                                                                          <Casilla>
                                                                                                            <Fila>5</Fila>
                                                                                                            <Columna>6</Columna>
                                                                                                            <Valor>5</Valor>
                                                                                                            <Casilla>
                                                                                                              <Fila>5</Fila>
                                                                                                              <Columna>7</Columna>
                                                                                                              <Valor>0</Valor>
                                                                                                              <Casilla>
                                                                                                                <Fila>5</Fila>
                                                                                                                <Columna>8</Columna>
                                                                                                                <Valor>7</Valor>
                                                                                                                <Casilla>
                                                                                                                  <Fila>6</Fila>
                                                                                                                  <Columna>0</Columna>
                                                                                                                  <Valor>6</Valor>
                                                                                                                  <Casilla>
                                                                                                                    <Fila>6</Fila>
                                                                                                                    <Columna>1</Columna>
                                                                                                                    <Valor>8</Valor>
                                                                                                                    <Casilla>
                                                                                                                      <Fila>6</Fila>
                                                                                                                      <Columna>2</Columna>
                                                                                                                      <Valor>0</Valor>
                                                                                                                      <Casilla>
                                                                                                                        <Fila>6</Fila>
                                                                                                                        <Columna>3</Columna>
                                                                                                                        <Valor>3</Valor>
                                                                                                                        <Casilla>
                                                                                                                          <Fila>6</Fila>
                                                                                                                          <Columna>4</Columna>
                                                                                                                          <Valor>0</Valor>
                                                                                                                          <Casilla>
                                                                                                                            <Fila>6</Fila>
                                                                                                                            <Columna>5</Columna>
                                                                                                                            <Valor>2</Valor>
                                                                                                                            <Casilla>
                                                                                                                              <Fila>6</Fila>
                                                                                                                              <Columna>6</Columna>
                                                                                                                              <Valor>0</Valor>
                                                                                                                              <Casilla>
                                                                                                                                <Fila>6</Fila>
                                                                                                                                <Columna>7</Columna>
                                                                                                                                <Valor>7</Valor>
                                                                                                                                <Casilla>
                                                                                                                                  <Fila>6</Fila>
                                                                                                                                  <Columna>8</Columna>
                                                                                                                                  <Valor>0</Valor>
                                                                                                                                  <Casilla>
                                                                                                                                    <Fila>7</Fila>
                                                                                                                                    <Columna>0</Columna>
                                                                                                                                    <Valor>4</Valor>
                                                                                                                                    <Casilla>
                                                                                                                                      <Fila>7</Fila>
                                                                                                                                      <Columna>1</Columna>
                                                                                                                                      <Valor>2</Valor>
                                                                                                                                      <Casilla>
                                                                                                                                        <Fila>7</Fila>
                                                                                                                                        <Columna>2</Columna>
                                                                                                                                        <Valor>0</Valor>
                                                                                                                                        <Casilla>
                                                                                                                                          <Fila>7</Fila>
                                                                                                                                          <Columna>3</Columna>
                                                                                                                                          <Valor>0</Valor>
                                                                                                                                          <Casilla>
                                                                                                                                            <Fila>7</Fila>
                                                                                                                                            <Columna>4</Columna>
                                                                                                                                            <Valor>0</Valor>
                                                                                                                                            <Casilla>
                                                                                                                                              <Fila>7</Fila>
                                                                                                                                              <Columna>5</Columna>
                                                                                                                                              <Valor>0</Valor>
                                                                                                                                              <Casilla>
                                                                                                                                                <Fila>7</Fila>
                                                                                                                                                <Columna>6</Columna>
                                                                                                                                                <Valor>0</Valor>
                                                                                                                                                <Casilla>
                                                                                                                                                  <Fila>7</Fila>
                                                                                                                                                  <Columna>7</Columna>
                                                                                                                                                  <Valor>5</Valor>
                                                                                                                                                  <Casilla>
                                                                                                                                                    <Fila>7</Fila>
                                                                                                                                                    <Columna>8</Columna>
                                                                                                                                                    <Valor>0</Valor>
                                                                                                                                                    <Casilla>
                                                                                                                                                      <Fila>8</Fila>
                                                                                                                                                      <Columna>0</Columna>
                                                                                                                                                      <Valor>9</Valor>
                                                                                                                                                      <Casilla>
                                                                                                                                                        <Fila>8</Fila>
                                                                                                                                                        <Columna>1</Columna>
                                                                                                                                                        <Valor>0</Valor>
                                                                                                                                                        <Casilla>
                                                                                                                                                          <Fila>8</Fila>
                                                                                                                                                          <Columna>2</Columna>
                                                                                                                                                          <Valor>1</Valor>
                                                                                                                                                          <Casilla>
                                                                                                                                                            <Fila>8</Fila>
                                                                                                                                                            <Columna>3</Columna>
                                                                                                                                                            <Valor>8</Valor>
                                                                                                                                                            <Casilla>
                                                                                                                                                              <Fila>8</Fila>
                                                                                                                                                              <Columna>4</Columna>
                                                                                                                                                              <Valor>0</Valor>
                                                                                                                                                              <Casilla>
                                                                                                                                                                <Fila>8</Fila>
                                                                                                                                                                <Columna>5</Columna>
                                                                                                                                                                <Valor>0</Valor>
                                                                                                                                                                <Casilla>
                                                                                                                                                                  <Fila>8</Fila>
                                                                                                                                                                  <Columna>6</Columna>
                                                                                                                                                                  <Valor>2</Valor>
                                                                                                                                                                  <Casilla>
                                                                                                                                                                    <Fila>8</Fila>
                                                                                                                                                                    <Columna>7</Columna>
                                                                                                                                                                    <Valor>3</Valor>
                                                                                                                                                                    <Casilla>
                                                                                                                                                                      <Fila>8</Fila>
                                                                                                                                                                      <Columna>8</Columna>
                                                                                                                                                                      <Valor>0</Valor>
                                                                                                                                                                    </Casilla>
                                                                                                                                                                  </Casilla>
                                                                                                                                                                </Casilla>
                                                                                                                                                              </Casilla>
                                                                                                                                                            </Casilla>
                                                                                                                                                          </Casilla>
                                                                                                                                                        </Casilla>
                                                                                                                                                      </Casilla>
                                                                                                                                                    </Casilla>
                                                                                                                                                  </Casilla>
                                                                                                                                                </Casilla>
                                                                                                                                              </Casilla>
                                                                                                                                            </Casilla>
                                                                                                                                          </Casilla>
                                                                                                                                        </Casilla>
                                                                                                                                      </Casilla>
                                                                                                                                    </Casilla>
                                                                                                                                  </Casilla>
                                                                                                                                </Casilla>
                                                                                                                              </Casilla>
                                                                                                                            </Casilla>
                                                                                                                          </Casilla>
                                                                                                                        </Casilla>
                                                                                                                      </Casilla>
                                                                                                                    </Casilla>
                                                                                                                  </Casilla>
                                                                                                                </Casilla>
                                                                                                              </Casilla>
                                                                                                            </Casilla>
                                                                                                          </Casilla>
                                                                                                        </Casilla>
                                                                                                      </Casilla>
                                                                                                    </Casilla>
                                                                                                  </Casilla>
                                                                                                </Casilla>
                                                                                              </Casilla>
                                                                                            </Casilla>
                                                                                          </Casilla>
                                                                                        </Casilla>
                                                                                      </Casilla>
                                                                                    </Casilla>
                                                                                  </Casilla>
                                                                                </Casilla>
                                                                              </Casilla>
                                                                            </Casilla>
                                                                          </Casilla>
                                                                        </Casilla>
                                                                      </Casilla>
                                                                    </Casilla>
                                                                  </Casilla>
                                                                </Casilla>
                                                              </Casilla>
                                                            </Casilla>
                                                          </Casilla>
                                                        </Casilla>
                                                      </Casilla>
                                                    </Casilla>
                                                  </Casilla>
                                                </Casilla>
                                              </Casilla>
                                            </Casilla>
                                          </Casilla>
                                        </Casilla>
                                      </Casilla>
                                    </Casilla>
                                  </Casilla>
                                </Casilla>
                              </Casilla>
                            </Casilla>
                          </Casilla>
                        </Casilla>
                      </Casilla>
                    </Casilla>
                  </Casilla>
                </Casilla>
              </Casilla>
            </Casilla>
          </Casilla>
        </Casilla>
      </Casilla>
    </Casilla>
  </Tablero>
</hard-1.xml>